date,user_id,route_id,grade,attempts,success,session_duration_min,is_attempts_null,is_duration_null,is_duration_outlier,attempts_imp,session_duration_imp,day,year,month_num,month_name,week_num,weekday_num,weekday_name
2025-02-08,7,26,5c,3.0,1,73.53763877303841,False,False,False,3.0,73.53763877303841,2025-02-08,2025,2,Feb,6,6,Saturday
2025-02-21,57,19,5c,4.0,0,86.7164117675899,False,False,False,4.0,86.7164117675899,2025-02-21,2025,2,Feb,8,5,Friday
2025-01-29,36,19,7a,1.0,0,99.3999652152634,False,False,False,1.0,99.3999652152634,2025-01-29,2025,1,Jan,5,3,Wednesday
2025-01-15,45,21,6b,3.0,1,,False,True,False,3.0,88.3148110633099,2025-01-15,2025,1,Jan,3,3,Wednesday
2025-02-12,20,5,5a,3.0,0,110.24135729407716,False,False,False,3.0,110.24135729407716,2025-02-12,2025,2,Feb,7,3,Wednesday
2025-01-08,65,18,5c,1.0,1,44.3170428503532,False,False,False,1.0,44.3170428503532,2025-01-08,2025,1,Jan,2,3,Wednesday
2025-01-21,8,28,7a,5.0,1,94.78616933640691,False,False,False,5.0,94.78616933640691,2025-01-21,2025,1,Jan,4,2,Tuesday
2025-02-08,16,10,7a,3.0,0,118.5864852542571,False,False,False,3.0,118.5864852542571,2025-02-08,2025,2,Feb,6,6,Saturday
2025-02-27,14,29,6a,5.0,1,63.24253017579535,False,False,False,5.0,63.24253017579535,2025-02-27,2025,2,Feb,9,4,Thursday
2025-01-19,76,22,7b,,0,101.03118540424848,True,False,False,3.0,101.03118540424848,2025-01-19,2025,1,Jan,3,7,Sunday
2025-01-23,87,21,6b,5.0,1,85.26715628937909,False,False,False,5.0,85.26715628937909,2025-01-23,2025,1,Jan,4,4,Thursday
2025-01-11,15,6,5a,2.0,0,113.0058106183232,False,False,False,2.0,113.0058106183232,2025-01-11,2025,1,Jan,2,6,Saturday
2025-01-11,92,1,6c,4.0,0,98.08514390026905,False,False,False,4.0,98.08514390026905,2025-01-11,2025,1,Jan,2,6,Saturday
2025-01-24,98,5,7b,3.0,1,72.31969090881587,False,False,False,3.0,72.31969090881587,2025-01-24,2025,1,Jan,4,5,Friday
2025-02-22,66,9,7b,4.0,1,85.9829704341876,False,False,False,4.0,85.9829704341876,2025-02-22,2025,2,Feb,8,6,Saturday
2025-02-05,32,12,6a,5.0,1,,False,True,False,5.0,90.90373492271374,2025-02-05,2025,2,Feb,6,3,Wednesday
2025-02-09,87,26,5c,3.0,1,87.53643570379901,False,False,False,3.0,87.53643570379901,2025-02-09,2025,2,Feb,6,7,Sunday
2025-01-24,63,14,5c,5.0,1,112.38525889550526,False,False,False,5.0,112.38525889550526,2025-01-24,2025,1,Jan,4,5,Friday
2025-01-03,86,2,6a,2.0,0,73.1476015721954,False,False,False,2.0,73.1476015721954,2025-01-03,2025,1,Jan,1,5,Friday
2025-01-22,51,17,7a,1.0,0,110.06102619322368,False,False,False,1.0,110.06102619322368,2025-01-22,2025,1,Jan,4,3,Wednesday
2025-02-22,25,14,5c,3.0,1,83.9550064815696,False,False,False,3.0,83.9550064815696,2025-02-22,2025,2,Feb,8,6,Saturday
2025-01-02,58,26,6b,2.0,1,94.4702221265833,False,False,False,2.0,94.4702221265833,2025-01-02,2025,1,Jan,1,4,Thursday
2025-01-24,63,13,5a,2.0,1,,False,True,False,2.0,90.94441122046725,2025-01-24,2025,1,Jan,4,5,Friday
2025-02-13,62,27,7b,3.0,0,89.5638932383633,False,False,False,3.0,89.5638932383633,2025-02-13,2025,2,Feb,7,4,Thursday
2025-01-30,22,9,7b,5.0,0,89.72794331109355,False,False,False,5.0,89.72794331109355,2025-01-30,2025,1,Jan,5,4,Thursday
2025-02-07,58,26,6b,2.0,1,119.14717116542042,False,False,False,2.0,119.14717116542042,2025-02-07,2025,2,Feb,6,5,Friday
2025-01-02,58,25,5c,4.0,1,106.8489984981229,False,False,False,4.0,106.8489984981229,2025-01-02,2025,1,Jan,1,4,Thursday
2025-03-01,86,15,7b,2.0,1,82.7456862084014,False,False,False,2.0,82.7456862084014,2025-03-01,2025,3,Mar,9,6,Saturday
2025-01-21,49,25,6c,5.0,1,121.65574508244184,False,False,False,5.0,121.65574508244184,2025-01-21,2025,1,Jan,4,2,Tuesday
2025-02-02,52,22,5a,5.0,1,95.49362147985704,False,False,False,5.0,95.49362147985704,2025-02-02,2025,2,Feb,5,7,Sunday
2025-01-12,42,15,5a,4.0,0,97.15248518647788,False,False,False,4.0,97.15248518647788,2025-01-12,2025,1,Jan,2,7,Sunday
2025-02-27,70,24,7b,2.0,1,73.25361841337217,False,False,False,2.0,73.25361841337217,2025-02-27,2025,2,Feb,9,4,Thursday
2025-01-22,15,30,6a,5.0,0,80.0500268318972,False,False,False,5.0,80.0500268318972,2025-01-22,2025,1,Jan,4,3,Wednesday
2025-02-13,54,11,7b,3.0,0,76.22992984145648,False,False,False,3.0,76.22992984145648,2025-02-13,2025,2,Feb,7,4,Thursday
2025-01-25,60,16,6a,1.0,1,91.7214572998735,False,False,False,1.0,91.7214572998735,2025-01-25,2025,1,Jan,4,6,Saturday
2025-02-18,97,29,7b,1.0,1,102.77566158896418,False,False,False,1.0,102.77566158896418,2025-02-18,2025,2,Feb,8,2,Tuesday
2025-01-27,8,17,6c,,1,97.34464598844428,True,False,False,3.5,97.34464598844428,2025-01-27,2025,1,Jan,5,1,Monday
2025-02-28,53,26,7a,2.0,0,121.76088312139164,False,False,False,2.0,121.76088312139164,2025-02-28,2025,2,Feb,9,5,Friday
2025-02-11,60,4,5a,4.0,0,72.2448398957753,False,False,False,4.0,72.2448398957753,2025-02-11,2025,2,Feb,7,2,Tuesday
2025-01-28,5,1,7b,5.0,0,92.29738087077764,False,False,False,5.0,92.29738087077764,2025-01-28,2025,1,Jan,5,2,Tuesday
2025-03-01,68,8,6c,3.0,0,64.34121341403412,False,False,False,3.0,64.34121341403412,2025-03-01,2025,3,Mar,9,6,Saturday
2025-01-16,6,17,6a,3.0,1,71.56258056793476,False,False,False,3.0,71.56258056793476,2025-01-16,2025,1,Jan,3,4,Thursday
2025-01-15,96,3,6a,2.0,0,115.29156754676929,False,False,False,2.0,115.29156754676929,2025-01-15,2025,1,Jan,3,3,Wednesday
2025-02-16,94,29,5a,1.0,1,80.73670267057068,False,False,False,1.0,80.73670267057068,2025-02-16,2025,2,Feb,7,7,Sunday
2025-02-20,47,20,6b,2.0,0,73.93272407879458,False,False,False,2.0,73.93272407879458,2025-02-20,2025,2,Feb,8,4,Thursday
2025-02-13,99,15,7b,4.0,0,47.400462488341056,False,False,False,4.0,47.400462488341056,2025-02-13,2025,2,Feb,7,4,Thursday
2025-02-24,55,15,5c,4.0,0,73.73290704422165,False,False,False,4.0,73.73290704422165,2025-02-24,2025,2,Feb,9,1,Monday
2025-02-21,40,24,6a,5.0,1,85.89439451610042,False,False,False,5.0,85.89439451610042,2025-02-21,2025,2,Feb,8,5,Friday
2025-02-26,52,22,7a,5.0,1,62.851940804275785,False,False,False,5.0,62.851940804275785,2025-02-26,2025,2,Feb,9,3,Wednesday
2025-01-03,16,14,7a,4.0,1,84.74433222035063,False,False,False,4.0,84.74433222035063,2025-01-03,2025,1,Jan,1,5,Friday
2025-02-06,13,26,6a,4.0,1,115.41262121316448,False,False,False,4.0,115.41262121316448,2025-02-06,2025,2,Feb,6,4,Thursday
2025-02-20,30,28,6b,4.0,1,75.85389319343335,False,False,False,4.0,75.85389319343335,2025-02-20,2025,2,Feb,8,4,Thursday
2025-01-07,19,23,6b,2.0,0,71.13233901260128,False,False,False,2.0,71.13233901260128,2025-01-07,2025,1,Jan,2,2,Tuesday
2025-01-21,17,14,6c,4.0,0,67.52197066269814,False,False,False,4.0,67.52197066269814,2025-01-21,2025,1,Jan,4,2,Tuesday
2025-01-09,63,24,7a,3.0,1,67.164718149684,False,False,False,3.0,67.164718149684,2025-01-09,2025,1,Jan,2,4,Thursday
2025-02-08,19,2,6c,1.0,1,100.71154893776858,False,False,False,1.0,100.71154893776858,2025-02-08,2025,2,Feb,6,6,Saturday
2025-01-18,92,13,7a,4.0,0,90.97337473766102,False,False,False,4.0,90.97337473766102,2025-01-18,2025,1,Jan,3,6,Saturday
2025-01-04,58,26,7b,1.0,1,109.13713758551148,False,False,False,1.0,109.13713758551148,2025-01-04,2025,1,Jan,1,6,Saturday
2025-01-25,55,14,7b,2.0,1,130.3967578330851,False,False,False,2.0,130.3967578330851,2025-01-25,2025,1,Jan,4,6,Saturday
2025-03-01,90,27,5c,1.0,0,53.39217736181704,False,False,False,1.0,53.39217736181704,2025-03-01,2025,3,Mar,9,6,Saturday
2025-01-14,90,24,7b,2.0,1,97.60157416883548,False,False,False,2.0,97.60157416883548,2025-01-14,2025,1,Jan,3,2,Tuesday
2025-02-19,62,19,5c,3.0,1,67.6276133113288,False,False,False,3.0,67.6276133113288,2025-02-19,2025,2,Feb,8,3,Wednesday
2025-02-27,23,7,7b,2.0,1,105.777985960669,False,False,False,2.0,105.777985960669,2025-02-27,2025,2,Feb,9,4,Thursday
2025-01-09,9,3,5a,2.0,0,84.56175997853127,False,False,False,2.0,84.56175997853127,2025-01-09,2025,1,Jan,2,4,Thursday
2025-01-26,12,15,7b,5.0,0,90.54645521728348,False,False,False,5.0,90.54645521728348,2025-01-26,2025,1,Jan,4,7,Sunday
2025-02-22,1,23,6c,4.0,1,64.33645144140384,False,False,False,4.0,64.33645144140384,2025-02-22,2025,2,Feb,8,6,Saturday
2025-01-02,58,14,6a,4.0,1,81.47145949773665,False,False,False,4.0,81.47145949773665,2025-01-02,2025,1,Jan,1,4,Thursday
2025-01-20,1,11,6c,3.0,1,91.7932450221652,False,False,False,3.0,91.7932450221652,2025-01-20,2025,1,Jan,4,1,Monday
2025-01-28,34,15,6a,3.0,1,117.12156293613415,False,False,False,3.0,117.12156293613415,2025-01-28,2025,1,Jan,5,2,Tuesday
2025-02-16,96,28,6b,4.0,0,74.10878945182891,False,False,False,4.0,74.10878945182891,2025-02-16,2025,2,Feb,7,7,Sunday
2025-03-01,48,13,6c,5.0,1,78.98616856939374,False,False,False,5.0,78.98616856939374,2025-03-01,2025,3,Mar,9,6,Saturday
2025-01-07,89,18,6b,4.0,0,108.88579284364565,False,False,False,4.0,108.88579284364565,2025-01-07,2025,1,Jan,2,2,Tuesday
2025-02-13,1,26,5c,5.0,1,72.81319432601379,False,False,False,5.0,72.81319432601379,2025-02-13,2025,2,Feb,7,4,Thursday
2025-01-08,16,6,5c,3.0,1,112.84770287948253,False,False,False,3.0,112.84770287948253,2025-01-08,2025,1,Jan,2,3,Wednesday
2025-02-16,61,3,5a,1.0,0,89.81826850547488,False,False,False,1.0,89.81826850547488,2025-02-16,2025,2,Feb,7,7,Sunday
2025-02-04,64,19,7b,3.0,1,96.06245923183688,False,False,False,3.0,96.06245923183688,2025-02-04,2025,2,Feb,6,2,Tuesday
2025-01-14,63,15,6c,3.0,0,97.3504460501874,False,False,False,3.0,97.3504460501874,2025-01-14,2025,1,Jan,3,2,Tuesday
2025-01-17,69,25,6b,,0,77.67558893186785,True,False,False,2.0,77.67558893186785,2025-01-17,2025,1,Jan,3,5,Friday
2025-02-05,22,23,6a,2.0,0,97.7977363894479,False,False,False,2.0,97.7977363894479,2025-02-05,2025,2,Feb,6,3,Wednesday
2025-02-19,93,5,5c,2.0,0,74.552604313714,False,False,False,2.0,74.552604313714,2025-02-19,2025,2,Feb,8,3,Wednesday
2025-02-09,67,28,7b,2.0,1,79.9579399180224,False,False,False,2.0,79.9579399180224,2025-02-09,2025,2,Feb,6,7,Sunday
2025-01-04,76,10,5c,5.0,1,101.1738193206655,False,False,False,5.0,101.1738193206655,2025-01-04,2025,1,Jan,1,6,Saturday
2025-01-02,26,7,6a,4.0,0,95.86787911283804,False,False,False,4.0,95.86787911283804,2025-01-02,2025,1,Jan,1,4,Thursday
2025-01-06,16,25,7b,1.0,1,88.50070098321905,False,False,False,1.0,88.50070098321905,2025-01-06,2025,1,Jan,2,1,Monday
2025-02-23,51,17,7b,3.0,0,64.82536701473978,False,False,False,3.0,64.82536701473978,2025-02-23,2025,2,Feb,8,7,Sunday
2025-02-11,86,7,6b,5.0,1,69.8168342130074,False,False,False,5.0,69.8168342130074,2025-02-11,2025,2,Feb,7,2,Tuesday
2025-01-04,57,22,6b,1.0,1,95.53418087809968,False,False,False,1.0,95.53418087809968,2025-01-04,2025,1,Jan,1,6,Saturday
2025-02-23,29,26,6c,5.0,1,104.64281126970232,False,False,False,5.0,104.64281126970232,2025-02-23,2025,2,Feb,8,7,Sunday
2025-01-29,78,30,6c,5.0,0,67.80708990958486,False,False,False,5.0,67.80708990958486,2025-01-29,2025,1,Jan,5,3,Wednesday
2025-01-18,92,12,7a,3.0,1,73.20349505095665,False,False,False,3.0,73.20349505095665,2025-01-18,2025,1,Jan,3,6,Saturday
2025-01-26,69,25,7a,4.0,1,92.6837034835544,False,False,False,4.0,92.6837034835544,2025-01-26,2025,1,Jan,4,7,Sunday
2025-02-13,47,17,5a,2.0,1,,False,True,False,2.0,90.94441122046725,2025-02-13,2025,2,Feb,7,4,Thursday
2025-02-03,94,13,5c,4.0,0,57.520855824779176,False,False,False,4.0,57.520855824779176,2025-02-03,2025,2,Feb,6,1,Monday
2025-01-10,62,20,6c,3.0,0,93.2312602687998,False,False,False,3.0,93.2312602687998,2025-01-10,2025,1,Jan,2,5,Friday
2025-02-05,69,25,6b,3.0,1,78.03264379539563,False,False,False,3.0,78.03264379539563,2025-02-05,2025,2,Feb,6,3,Wednesday
2025-01-14,76,4,6a,3.0,1,122.82093259457916,False,False,False,3.0,122.82093259457916,2025-01-14,2025,1,Jan,3,2,Tuesday
2025-01-31,16,10,6b,1.0,0,94.98397085471312,False,False,False,1.0,94.98397085471312,2025-01-31,2025,1,Jan,5,5,Friday
2025-02-17,90,3,5c,4.0,0,98.42946899751806,False,False,False,4.0,98.42946899751806,2025-02-17,2025,2,Feb,8,1,Monday
2025-01-15,90,9,7a,4.0,1,98.94718604381222,False,False,False,4.0,98.94718604381222,2025-01-15,2025,1,Jan,3,3,Wednesday
2025-01-08,48,13,6b,5.0,0,65.72145238694871,False,False,False,5.0,65.72145238694871,2025-01-08,2025,1,Jan,2,3,Wednesday
2025-01-14,85,18,5a,5.0,1,128.87753786217206,False,False,False,5.0,128.87753786217206,2025-01-14,2025,1,Jan,3,2,Tuesday
2025-01-23,39,15,5c,5.0,1,57.54177505097653,False,False,False,5.0,57.54177505097653,2025-01-23,2025,1,Jan,4,4,Thursday
2025-03-01,100,4,7a,3.0,0,105.91406283399483,False,False,False,3.0,105.91406283399483,2025-03-01,2025,3,Mar,9,6,Saturday
2025-02-26,33,15,6a,4.0,1,102.37327874961298,False,False,False,4.0,102.37327874961298,2025-02-26,2025,2,Feb,9,3,Wednesday
2025-02-09,94,22,7a,3.0,0,80.4599524017408,False,False,False,3.0,80.4599524017408,2025-02-09,2025,2,Feb,6,7,Sunday
2025-01-21,23,2,7b,1.0,0,103.3290063342678,False,False,False,1.0,103.3290063342678,2025-01-21,2025,1,Jan,4,2,Tuesday
2025-01-16,10,15,5a,5.0,1,83.64853602352524,False,False,False,5.0,83.64853602352524,2025-01-16,2025,1,Jan,3,4,Thursday
2025-02-14,69,8,5c,3.0,1,76.49077110288444,False,False,False,3.0,76.49077110288444,2025-02-14,2025,2,Feb,7,5,Friday
2025-01-18,100,8,6a,3.0,1,99.39118338705856,False,False,False,3.0,99.39118338705856,2025-01-18,2025,1,Jan,3,6,Saturday
2025-02-16,34,17,5a,1.0,1,69.86878017824196,False,False,False,1.0,69.86878017824196,2025-02-16,2025,2,Feb,7,7,Sunday
2025-02-22,52,12,7a,2.0,0,85.5148968248486,False,False,False,2.0,85.5148968248486,2025-02-22,2025,2,Feb,8,6,Saturday
2025-01-24,95,19,5a,4.0,0,78.11646502540086,False,False,False,4.0,78.11646502540086,2025-01-24,2025,1,Jan,4,5,Friday
2025-01-26,10,10,5c,,0,83.2804098085411,True,False,False,3.0,83.2804098085411,2025-01-26,2025,1,Jan,4,7,Sunday
2025-01-25,19,9,6c,5.0,0,98.65457198260368,False,False,False,5.0,98.65457198260368,2025-01-25,2025,1,Jan,4,6,Saturday
2025-03-01,58,5,5a,3.0,0,78.11267255307588,False,False,False,3.0,78.11267255307588,2025-03-01,2025,3,Mar,9,6,Saturday
2025-03-01,96,6,7b,,0,86.15352173855271,True,False,False,3.0,86.15352173855271,2025-03-01,2025,3,Mar,9,6,Saturday
2025-03-01,1,20,5a,1.0,0,79.93709496196837,False,False,False,1.0,79.93709496196837,2025-03-01,2025,3,Mar,9,6,Saturday
2025-02-14,69,26,7a,4.0,0,118.87993331149092,False,False,False,4.0,118.87993331149092,2025-02-14,2025,2,Feb,7,5,Friday
2025-02-10,4,2,7a,,1,96.8522479642778,True,False,False,3.0,96.8522479642778,2025-02-10,2025,2,Feb,7,1,Monday
2025-01-29,16,27,6a,4.0,1,94.4013926593344,False,False,False,4.0,94.4013926593344,2025-01-29,2025,1,Jan,5,3,Wednesday
2025-01-15,24,24,7a,3.0,0,103.66837009246848,False,False,False,3.0,103.66837009246848,2025-01-15,2025,1,Jan,3,3,Wednesday
2025-02-14,80,27,6b,4.0,1,78.11730846450227,False,False,False,4.0,78.11730846450227,2025-02-14,2025,2,Feb,7,5,Friday
2025-01-01,2,13,5c,1.0,1,107.1851444999968,False,False,False,1.0,107.1851444999968,2025-01-01,2025,1,Jan,1,3,Wednesday
2025-01-25,92,6,5c,1.0,0,96.92355491665484,False,False,False,1.0,96.92355491665484,2025-01-25,2025,1,Jan,4,6,Saturday
2025-01-07,32,5,6c,5.0,1,58.78218194491869,False,False,False,5.0,58.78218194491869,2025-01-07,2025,1,Jan,2,2,Tuesday
2025-01-09,91,25,6c,5.0,1,,False,True,False,5.0,92.99554548415252,2025-01-09,2025,1,Jan,2,4,Thursday
2025-01-24,84,1,5c,3.0,1,,False,True,False,3.0,86.08278359824324,2025-01-24,2025,1,Jan,4,5,Friday
2025-01-01,24,21,7b,2.0,0,63.5798700826966,False,False,False,2.0,63.5798700826966,2025-01-01,2025,1,Jan,1,3,Wednesday
2025-02-13,12,22,6c,4.0,1,85.23443078600833,False,False,False,4.0,85.23443078600833,2025-02-13,2025,2,Feb,7,4,Thursday
2025-01-08,50,21,6a,3.0,0,69.72524017168271,False,False,False,3.0,69.72524017168271,2025-01-08,2025,1,Jan,2,3,Wednesday
2025-01-24,35,6,7a,,1,88.04553893858163,True,False,False,3.0,88.04553893858163,2025-01-24,2025,1,Jan,4,5,Friday
2025-01-11,33,6,5c,4.0,1,118.23418751862911,False,False,False,4.0,118.23418751862911,2025-01-11,2025,1,Jan,2,6,Saturday
2025-02-20,33,23,6c,5.0,1,89.0124619288763,False,False,False,5.0,89.0124619288763,2025-02-20,2025,2,Feb,8,4,Thursday
2025-01-17,61,16,5c,4.0,1,83.94071090196142,False,False,False,4.0,83.94071090196142,2025-01-17,2025,1,Jan,3,5,Friday
2025-01-08,51,4,6b,2.0,1,97.76485295570689,False,False,False,2.0,97.76485295570689,2025-01-08,2025,1,Jan,2,3,Wednesday
2025-02-04,43,30,5a,3.0,0,76.07160414154794,False,False,False,3.0,76.07160414154794,2025-02-04,2025,2,Feb,6,2,Tuesday
2025-02-04,12,11,7a,4.0,0,106.86828618792,False,False,False,4.0,106.86828618792,2025-02-04,2025,2,Feb,6,2,Tuesday
2025-02-02,67,30,5c,1.0,1,99.90425906248224,False,False,False,1.0,99.90425906248224,2025-02-02,2025,2,Feb,5,7,Sunday
2025-02-28,65,30,5a,,0,90.77731124097129,True,False,False,3.0,90.77731124097129,2025-02-28,2025,2,Feb,9,5,Friday
2025-01-05,33,30,6c,4.0,0,93.08631663267172,False,False,False,4.0,93.08631663267172,2025-01-05,2025,1,Jan,1,7,Sunday
2025-02-11,40,24,5a,4.0,0,130.83491821125705,False,False,False,4.0,130.83491821125705,2025-02-11,2025,2,Feb,7,2,Tuesday
2025-02-08,74,23,7a,4.0,0,108.84624420535737,False,False,False,4.0,108.84624420535737,2025-02-08,2025,2,Feb,6,6,Saturday
2025-02-27,43,9,5c,1.0,1,133.99053262322667,False,False,False,1.0,133.99053262322667,2025-02-27,2025,2,Feb,9,4,Thursday
2025-02-10,44,23,6b,1.0,1,100.64060386584904,False,False,False,1.0,100.64060386584904,2025-02-10,2025,2,Feb,7,1,Monday
2025-01-28,29,3,7b,4.0,1,60.56617114658624,False,False,False,4.0,60.56617114658624,2025-01-28,2025,1,Jan,5,2,Tuesday
2025-01-07,13,19,6c,5.0,1,84.75652594272319,False,False,False,5.0,84.75652594272319,2025-01-07,2025,1,Jan,2,2,Tuesday
2025-01-09,12,8,5c,5.0,1,55.99590250903867,False,False,False,5.0,55.99590250903867,2025-01-09,2025,1,Jan,2,4,Thursday
2025-01-08,95,5,7a,2.0,0,100.56606069333836,False,False,False,2.0,100.56606069333836,2025-01-08,2025,1,Jan,2,3,Wednesday
2025-01-12,46,4,6c,,1,104.90808394690804,True,False,False,3.5,104.90808394690804,2025-01-12,2025,1,Jan,2,7,Sunday
2025-02-03,2,24,6a,5.0,0,72.28168008081443,False,False,False,5.0,72.28168008081443,2025-02-03,2025,2,Feb,6,1,Monday
2025-02-02,35,6,5a,1.0,1,,False,True,False,1.0,90.94441122046725,2025-02-02,2025,2,Feb,5,7,Sunday
2025-02-17,87,2,7b,5.0,1,92.9750179247043,False,False,False,5.0,92.9750179247043,2025-02-17,2025,2,Feb,8,1,Monday
2025-02-24,81,20,7a,2.0,0,66.03791873471565,False,False,False,2.0,66.03791873471565,2025-02-24,2025,2,Feb,9,1,Monday
2025-01-23,90,28,6a,2.0,1,64.53680461514935,False,False,False,2.0,64.53680461514935,2025-01-23,2025,1,Jan,4,4,Thursday
2025-01-24,8,11,5c,3.0,1,114.7726409608224,False,False,False,3.0,114.7726409608224,2025-01-24,2025,1,Jan,4,5,Friday
2025-02-06,93,4,6b,5.0,1,92.29421236327936,False,False,False,5.0,92.29421236327936,2025-02-06,2025,2,Feb,6,4,Thursday
2025-02-04,26,15,6c,,0,78.83781284588088,True,False,False,3.5,78.83781284588088,2025-02-04,2025,2,Feb,6,2,Tuesday
2025-02-13,74,6,5a,1.0,1,56.157622228855615,False,False,False,1.0,56.157622228855615,2025-02-13,2025,2,Feb,7,4,Thursday
2025-02-09,90,22,6c,4.0,1,107.04702713788944,False,False,False,4.0,107.04702713788944,2025-02-09,2025,2,Feb,6,7,Sunday
2025-01-22,34,17,7b,1.0,0,,False,True,False,1.0,91.62125741387314,2025-01-22,2025,1,Jan,4,3,Wednesday
2025-01-27,7,30,5c,3.0,0,127.21368891741078,False,False,False,3.0,127.21368891741078,2025-01-27,2025,1,Jan,5,1,Monday
2025-02-04,68,24,6c,3.0,1,107.1862019538689,False,False,False,3.0,107.1862019538689,2025-02-04,2025,2,Feb,6,2,Tuesday
2025-01-01,58,6,5a,1.0,0,73.83716291185462,False,False,False,1.0,73.83716291185462,2025-01-01,2025,1,Jan,1,3,Wednesday
2025-02-04,75,19,5c,1.0,1,75.69056605737056,False,False,False,1.0,75.69056605737056,2025-02-04,2025,2,Feb,6,2,Tuesday
2025-02-06,29,30,6c,4.0,1,124.43702325888664,False,False,False,4.0,124.43702325888664,2025-02-06,2025,2,Feb,6,4,Thursday
2025-02-16,36,25,6b,1.0,1,88.3148110633099,False,False,False,1.0,88.3148110633099,2025-02-16,2025,2,Feb,7,7,Sunday
2025-01-14,89,2,7a,4.0,0,79.7337754335326,False,False,False,4.0,79.7337754335326,2025-01-14,2025,1,Jan,3,2,Tuesday
2025-01-03,21,15,5c,4.0,1,90.5544337695314,False,False,False,4.0,90.5544337695314,2025-01-03,2025,1,Jan,1,5,Friday
2025-01-01,36,11,7a,1.0,0,79.64174699892419,False,False,False,1.0,79.64174699892419,2025-01-01,2025,1,Jan,1,3,Wednesday
2025-01-05,10,8,5c,2.0,0,,False,True,False,2.0,86.08278359824324,2025-01-05,2025,1,Jan,1,7,Sunday
2025-01-26,73,26,6b,2.0,1,88.48352756963475,False,False,False,2.0,88.48352756963475,2025-01-26,2025,1,Jan,4,7,Sunday
2025-02-24,24,19,7a,4.0,0,107.51015961023018,False,False,False,4.0,107.51015961023018,2025-02-24,2025,2,Feb,9,1,Monday
2025-01-14,64,13,6a,1.0,0,82.22851793521747,False,False,False,1.0,82.22851793521747,2025-01-14,2025,1,Jan,3,2,Tuesday
2025-02-08,99,12,5a,2.0,1,72.30367266620706,False,False,False,2.0,72.30367266620706,2025-02-08,2025,2,Feb,6,6,Saturday
2025-01-27,49,5,6a,1.0,0,83.02030606752828,False,False,False,1.0,83.02030606752828,2025-01-27,2025,1,Jan,5,1,Monday
2025-01-09,99,6,6c,1.0,0,82.89832203551907,False,False,False,1.0,82.89832203551907,2025-01-09,2025,1,Jan,2,4,Thursday
2025-01-15,36,26,6b,1.0,1,88.44932369612013,False,False,False,1.0,88.44932369612013,2025-01-15,2025,1,Jan,3,3,Wednesday
2025-01-15,82,22,6a,5.0,1,102.69080576114447,False,False,False,5.0,102.69080576114447,2025-01-15,2025,1,Jan,3,3,Wednesday
2025-01-26,96,4,5c,1.0,1,101.5981793494384,False,False,False,1.0,101.5981793494384,2025-01-26,2025,1,Jan,4,7,Sunday
2025-02-11,24,19,6c,5.0,0,113.99317351717136,False,False,False,5.0,113.99317351717136,2025-02-11,2025,2,Feb,7,2,Tuesday
2025-03-01,23,20,6c,4.0,1,73.7702064453295,False,False,False,4.0,73.7702064453295,2025-03-01,2025,3,Mar,9,6,Saturday
2025-01-13,62,1,6a,2.0,0,97.77440246102218,False,False,False,2.0,97.77440246102218,2025-01-13,2025,1,Jan,3,1,Monday
2025-02-20,96,20,6a,2.0,0,,False,True,False,2.0,90.90373492271374,2025-02-20,2025,2,Feb,8,4,Thursday
2025-02-01,37,17,6b,2.0,1,76.51559187376273,False,False,False,2.0,76.51559187376273,2025-02-01,2025,2,Feb,5,6,Saturday
2025-02-08,12,12,5a,2.0,0,85.84737894035241,False,False,False,2.0,85.84737894035241,2025-02-08,2025,2,Feb,6,6,Saturday
2025-02-18,55,15,6a,2.0,0,55.00044251562407,False,False,False,2.0,55.00044251562407,2025-02-18,2025,2,Feb,8,2,Tuesday
2025-02-21,13,1,7b,2.0,1,108.1371539025147,False,False,False,2.0,108.1371539025147,2025-02-21,2025,2,Feb,8,5,Friday
2025-02-01,23,26,6a,2.0,1,85.69003595360262,False,False,False,2.0,85.69003595360262,2025-02-01,2025,2,Feb,5,6,Saturday
2025-01-04,89,14,7a,4.0,1,106.13128353362,False,False,False,4.0,106.13128353362,2025-01-04,2025,1,Jan,1,6,Saturday
2025-01-30,99,6,5c,1.0,0,94.12099035759026,False,False,False,1.0,94.12099035759026,2025-01-30,2025,1,Jan,5,4,Thursday
2025-02-06,30,5,7b,3.0,0,86.29669542050253,False,False,False,3.0,86.29669542050253,2025-02-06,2025,2,Feb,6,4,Thursday
2025-01-23,17,30,7b,5.0,0,58.143944012950286,False,False,False,5.0,58.143944012950286,2025-01-23,2025,1,Jan,4,4,Thursday
2025-02-08,62,11,7a,3.0,0,61.7009477856712,False,False,False,3.0,61.7009477856712,2025-02-08,2025,2,Feb,6,6,Saturday
2025-02-14,84,4,7a,3.0,1,38.13707631316515,False,False,True,3.0,38.13707631316515,2025-02-14,2025,2,Feb,7,5,Friday
2025-01-15,89,13,6c,1.0,1,78.74773034342688,False,False,False,1.0,78.74773034342688,2025-01-15,2025,1,Jan,3,3,Wednesday
2025-02-12,86,11,5a,1.0,1,135.56497406362496,False,False,False,1.0,135.56497406362496,2025-02-12,2025,2,Feb,7,3,Wednesday
2025-01-29,13,3,5c,1.0,1,64.24105220964,False,False,False,1.0,64.24105220964,2025-01-29,2025,1,Jan,5,3,Wednesday
2025-02-05,59,1,6b,2.0,1,37.37136233160187,False,False,True,2.0,37.37136233160187,2025-02-05,2025,2,Feb,6,3,Wednesday
2025-01-13,19,6,7b,4.0,1,109.25337839171064,False,False,False,4.0,109.25337839171064,2025-01-13,2025,1,Jan,3,1,Monday
2025-02-01,49,18,6b,2.0,0,137.27435738593402,False,False,False,2.0,137.27435738593402,2025-02-01,2025,2,Feb,5,6,Saturday
2025-01-07,100,24,6a,4.0,1,95.95842130519604,False,False,False,4.0,95.95842130519604,2025-01-07,2025,1,Jan,2,2,Tuesday
2025-02-28,12,10,6a,4.0,1,95.7746478943992,False,False,False,4.0,95.7746478943992,2025-02-28,2025,2,Feb,9,5,Friday
2025-02-20,61,5,6b,3.0,0,83.80235852712498,False,False,False,3.0,83.80235852712498,2025-02-20,2025,2,Feb,8,4,Thursday
2025-01-22,19,23,6a,3.0,0,54.114855389798805,False,False,False,3.0,54.114855389798805,2025-01-22,2025,1,Jan,4,3,Wednesday
2025-01-28,76,10,5a,4.0,1,60.98576164513048,False,False,False,4.0,60.98576164513048,2025-01-28,2025,1,Jan,5,2,Tuesday
2025-01-02,9,12,7a,4.0,0,83.66493341202964,False,False,False,4.0,83.66493341202964,2025-01-02,2025,1,Jan,1,4,Thursday
2025-02-11,71,2,6a,2.0,0,79.83089319940512,False,False,False,2.0,79.83089319940512,2025-02-11,2025,2,Feb,7,2,Tuesday
2025-02-14,28,13,6c,2.0,1,87.69654144460115,False,False,False,2.0,87.69654144460115,2025-02-14,2025,2,Feb,7,5,Friday
2025-02-26,78,8,6a,3.0,1,106.58649647856318,False,False,False,3.0,106.58649647856318,2025-02-26,2025,2,Feb,9,3,Wednesday
2025-02-22,95,2,5c,1.0,1,,False,True,False,1.0,86.08278359824324,2025-02-22,2025,2,Feb,8,6,Saturday
2025-01-06,52,20,5a,4.0,1,106.99433512809222,False,False,False,4.0,106.99433512809222,2025-01-06,2025,1,Jan,2,1,Monday
2025-01-28,83,1,5c,2.0,0,78.4942058019446,False,False,False,2.0,78.4942058019446,2025-01-28,2025,1,Jan,5,2,Tuesday
2025-01-28,16,5,5c,3.0,1,110.76479185731516,False,False,False,3.0,110.76479185731516,2025-01-28,2025,1,Jan,5,2,Tuesday
2025-02-13,69,9,6c,2.0,0,91.72735134146846,False,False,False,2.0,91.72735134146846,2025-02-13,2025,2,Feb,7,4,Thursday
2025-02-13,99,17,5a,4.0,1,81.28339318156975,False,False,False,4.0,81.28339318156975,2025-02-13,2025,2,Feb,7,4,Thursday
2025-01-20,12,9,5a,4.0,1,91.3858812109778,False,False,False,4.0,91.3858812109778,2025-01-20,2025,1,Jan,4,1,Monday
2025-01-30,25,11,5a,5.0,0,84.12922315684867,False,False,False,5.0,84.12922315684867,2025-01-30,2025,1,Jan,5,4,Thursday
2025-01-11,52,15,5a,1.0,0,,False,True,False,1.0,90.94441122046725,2025-01-11,2025,1,Jan,2,6,Saturday
2025-02-27,85,24,5a,5.0,0,105.16212397034944,False,False,False,5.0,105.16212397034944,2025-02-27,2025,2,Feb,9,4,Thursday
2025-02-24,100,6,6c,3.0,0,88.255688031687,False,False,False,3.0,88.255688031687,2025-02-24,2025,2,Feb,9,1,Monday
2025-01-28,53,23,6a,2.0,0,82.60862294292438,False,False,False,2.0,82.60862294292438,2025-01-28,2025,1,Jan,5,2,Tuesday
2025-01-25,23,3,5c,3.0,1,67.52967590178342,False,False,False,3.0,67.52967590178342,2025-01-25,2025,1,Jan,4,6,Saturday
2025-02-08,16,30,5a,4.0,1,101.58356038583428,False,False,False,4.0,101.58356038583428,2025-02-08,2025,2,Feb,6,6,Saturday
2025-02-02,57,17,7b,5.0,0,96.9654445280545,False,False,False,5.0,96.9654445280545,2025-02-02,2025,2,Feb,5,7,Sunday
2025-01-01,39,5,6a,5.0,0,,False,True,False,5.0,90.90373492271374,2025-01-01,2025,1,Jan,1,3,Wednesday
2025-02-26,53,30,6a,5.0,0,106.70988555841522,False,False,False,5.0,106.70988555841522,2025-02-26,2025,2,Feb,9,3,Wednesday
2025-01-27,42,28,5c,3.0,1,66.03631934795328,False,False,False,3.0,66.03631934795328,2025-01-27,2025,1,Jan,5,1,Monday
2025-02-26,58,12,6c,4.0,0,110.58443582467788,False,False,False,4.0,110.58443582467788,2025-02-26,2025,2,Feb,9,3,Wednesday
2025-02-21,39,18,6b,2.0,1,103.75726654374036,False,False,False,2.0,103.75726654374036,2025-02-21,2025,2,Feb,8,5,Friday
2025-01-13,14,14,6b,2.0,1,98.39331045196138,False,False,False,2.0,98.39331045196138,2025-01-13,2025,1,Jan,3,1,Monday
2025-02-10,95,21,6a,3.0,1,82.46009681665927,False,False,False,3.0,82.46009681665927,2025-02-10,2025,2,Feb,7,1,Monday
2025-01-03,5,24,7a,5.0,1,101.51559565332906,False,False,False,5.0,101.51559565332906,2025-01-03,2025,1,Jan,1,5,Friday
2025-02-08,35,11,7a,1.0,0,111.5274399048236,False,False,False,1.0,111.5274399048236,2025-02-08,2025,2,Feb,6,6,Saturday
2025-01-06,87,9,5c,3.0,1,101.84703842216346,False,False,False,3.0,101.84703842216346,2025-01-06,2025,1,Jan,2,1,Monday
2025-01-08,93,2,6b,,0,76.59499956547525,True,False,False,2.0,76.59499956547525,2025-01-08,2025,1,Jan,2,3,Wednesday
2025-01-27,75,12,6a,4.0,0,95.34813964710928,False,False,False,4.0,95.34813964710928,2025-01-27,2025,1,Jan,5,1,Monday
2025-01-09,18,3,6c,2.0,1,,False,True,False,2.0,92.99554548415252,2025-01-09,2025,1,Jan,2,4,Thursday
2025-02-06,76,3,6b,3.0,1,133.98196361113406,False,False,False,3.0,133.98196361113406,2025-02-06,2025,2,Feb,6,4,Thursday
2025-02-02,9,1,6a,3.0,1,85.89574051001608,False,False,False,3.0,85.89574051001608,2025-02-02,2025,2,Feb,5,7,Sunday
2025-02-20,74,8,6a,5.0,0,107.1576621226286,False,False,False,5.0,107.1576621226286,2025-02-20,2025,2,Feb,8,4,Thursday
2025-02-11,58,22,5a,5.0,0,112.68961040168637,False,False,False,5.0,112.68961040168637,2025-02-11,2025,2,Feb,7,2,Tuesday
2025-02-13,17,28,6c,1.0,1,73.75190002020472,False,False,False,1.0,73.75190002020472,2025-02-13,2025,2,Feb,7,4,Thursday
2025-01-24,7,29,5a,4.0,0,125.64156636122962,False,False,False,4.0,125.64156636122962,2025-01-24,2025,1,Jan,4,5,Friday
2025-01-15,46,8,5c,,1,68.69630631833108,True,False,False,3.0,68.69630631833108,2025-01-15,2025,1,Jan,3,3,Wednesday
2025-02-28,13,11,5a,5.0,1,106.17971030065952,False,False,False,5.0,106.17971030065952,2025-02-28,2025,2,Feb,9,5,Friday
2025-02-23,40,9,7b,2.0,1,96.10639559094132,False,False,False,2.0,96.10639559094132,2025-02-23,2025,2,Feb,8,7,Sunday
2025-02-01,42,5,5a,,0,91.1115111999632,True,False,False,3.0,91.1115111999632,2025-02-01,2025,2,Feb,5,6,Saturday
2025-02-01,9,14,7b,,1,140.9366656289729,True,False,True,3.0,140.9366656289729,2025-02-01,2025,2,Feb,5,6,Saturday
2025-01-24,50,28,6b,5.0,0,83.97489529346397,False,False,False,5.0,83.97489529346397,2025-01-24,2025,1,Jan,4,5,Friday
2025-02-10,27,30,7a,4.0,1,83.65308814542783,False,False,False,4.0,83.65308814542783,2025-02-10,2025,2,Feb,7,1,Monday
2025-02-21,66,3,6a,4.0,1,116.6295761479559,False,False,False,4.0,116.6295761479559,2025-02-21,2025,2,Feb,8,5,Friday
2025-02-18,5,21,7b,4.0,1,105.23607556173566,False,False,False,4.0,105.23607556173566,2025-02-18,2025,2,Feb,8,2,Tuesday
2025-02-18,29,5,6c,4.0,0,115.64197841917108,False,False,False,4.0,115.64197841917108,2025-02-18,2025,2,Feb,8,2,Tuesday
2025-02-27,37,5,5a,,1,92.33738764682226,True,False,False,3.0,92.33738764682226,2025-02-27,2025,2,Feb,9,4,Thursday
2025-02-21,38,19,7b,2.0,1,96.33885234024326,False,False,False,2.0,96.33885234024326,2025-02-21,2025,2,Feb,8,5,Friday
2025-01-12,83,27,6c,1.0,0,128.0187122598915,False,False,False,1.0,128.0187122598915,2025-01-12,2025,1,Jan,2,7,Sunday
2025-02-08,8,14,7a,3.0,0,73.28091840838607,False,False,False,3.0,73.28091840838607,2025-02-08,2025,2,Feb,6,6,Saturday
2025-01-02,65,26,7a,1.0,1,87.9424591181668,False,False,False,1.0,87.9424591181668,2025-01-02,2025,1,Jan,1,4,Thursday
2025-01-03,86,30,5a,4.0,1,105.9650814285089,False,False,False,4.0,105.9650814285089,2025-01-03,2025,1,Jan,1,5,Friday
2025-02-18,17,4,5c,2.0,1,86.08278359824324,False,False,False,2.0,86.08278359824324,2025-02-18,2025,2,Feb,8,2,Tuesday
2025-02-06,71,25,5a,5.0,0,78.5970824143393,False,False,False,5.0,78.5970824143393,2025-02-06,2025,2,Feb,6,4,Thursday
2025-02-18,89,13,6b,2.0,0,102.36969025573045,False,False,False,2.0,102.36969025573045,2025-02-18,2025,2,Feb,8,2,Tuesday
2025-02-25,45,10,7b,4.0,1,,False,True,False,4.0,91.62125741387314,2025-02-25,2025,2,Feb,9,2,Tuesday
2025-01-17,4,25,6a,2.0,0,87.18331274388285,False,False,False,2.0,87.18331274388285,2025-01-17,2025,1,Jan,3,5,Friday
2025-02-28,36,18,5c,2.0,1,86.62820758378501,False,False,False,2.0,86.62820758378501,2025-02-28,2025,2,Feb,9,5,Friday
2025-02-18,70,8,5a,4.0,1,77.04623948633139,False,False,False,4.0,77.04623948633139,2025-02-18,2025,2,Feb,8,2,Tuesday
2025-01-02,31,8,6c,2.0,1,84.08046313188531,False,False,False,2.0,84.08046313188531,2025-01-02,2025,1,Jan,1,4,Thursday
2025-01-02,19,7,5c,3.0,1,111.67212159660372,False,False,False,3.0,111.67212159660372,2025-01-02,2025,1,Jan,1,4,Thursday
2025-01-28,61,8,7b,3.0,1,91.62125741387314,False,False,False,3.0,91.62125741387314,2025-01-28,2025,1,Jan,5,2,Tuesday
2025-02-23,54,14,5c,2.0,0,73.90018678139424,False,False,False,2.0,73.90018678139424,2025-02-23,2025,2,Feb,8,7,Sunday
2025-01-23,39,19,7b,5.0,1,95.24724760647324,False,False,False,5.0,95.24724760647324,2025-01-23,2025,1,Jan,4,4,Thursday
2025-02-06,91,29,5a,4.0,1,111.0238802197208,False,False,False,4.0,111.0238802197208,2025-02-06,2025,2,Feb,6,4,Thursday
2025-02-01,74,6,7b,3.0,1,78.76228672905143,False,False,False,3.0,78.76228672905143,2025-02-01,2025,2,Feb,5,6,Saturday
2025-02-02,90,1,5c,5.0,0,63.42789560808873,False,False,False,5.0,63.42789560808873,2025-02-02,2025,2,Feb,5,7,Sunday
2025-01-01,19,23,6c,2.0,1,133.81650319745503,False,False,False,2.0,133.81650319745503,2025-01-01,2025,1,Jan,1,3,Wednesday
2025-01-19,39,15,7a,5.0,0,62.42941299913505,False,False,False,5.0,62.42941299913505,2025-01-19,2025,1,Jan,3,7,Sunday
2025-01-02,67,1,5c,1.0,1,82.81954872288429,False,False,False,1.0,82.81954872288429,2025-01-02,2025,1,Jan,1,4,Thursday
2025-02-22,45,25,7b,3.0,1,94.6425702371734,False,False,False,3.0,94.6425702371734,2025-02-22,2025,2,Feb,8,6,Saturday
2025-02-13,13,17,7a,2.0,1,84.55144597511418,False,False,False,2.0,84.55144597511418,2025-02-13,2025,2,Feb,7,4,Thursday
2025-01-26,92,1,7b,4.0,0,88.50178310689962,False,False,False,4.0,88.50178310689962,2025-01-26,2025,1,Jan,4,7,Sunday
2025-02-01,58,15,6c,2.0,1,101.53676335749188,False,False,False,2.0,101.53676335749188,2025-02-01,2025,2,Feb,5,6,Saturday
2025-01-06,20,23,7b,4.0,1,42.16556684574413,False,False,False,4.0,42.16556684574413,2025-01-06,2025,1,Jan,2,1,Monday
2025-02-01,92,2,5a,2.0,0,64.66211056952298,False,False,False,2.0,64.66211056952298,2025-02-01,2025,2,Feb,5,6,Saturday
2025-02-24,72,14,6a,5.0,0,90.88518772140658,False,False,False,5.0,90.88518772140658,2025-02-24,2025,2,Feb,9,1,Monday
2025-01-04,61,21,5c,5.0,0,81.9156597605278,False,False,False,5.0,81.9156597605278,2025-01-04,2025,1,Jan,1,6,Saturday
2025-02-24,39,8,6a,5.0,0,92.58822516551196,False,False,False,5.0,92.58822516551196,2025-02-24,2025,2,Feb,9,1,Monday
2025-01-11,1,8,7b,1.0,1,,False,True,False,1.0,91.62125741387314,2025-01-11,2025,1,Jan,2,6,Saturday
2025-02-25,3,19,6c,4.0,1,47.68160009058016,False,False,False,4.0,47.68160009058016,2025-02-25,2025,2,Feb,9,2,Tuesday
2025-02-28,77,7,5c,5.0,1,115.47280664303292,False,False,False,5.0,115.47280664303292,2025-02-28,2025,2,Feb,9,5,Friday
2025-01-17,92,19,7b,1.0,0,80.034642337993,False,False,False,1.0,80.034642337993,2025-01-17,2025,1,Jan,3,5,Friday
2025-02-07,62,6,7a,4.0,0,72.68973630447987,False,False,False,4.0,72.68973630447987,2025-02-07,2025,2,Feb,6,5,Friday
2025-01-24,63,6,6b,2.0,1,94.1671059191856,False,False,False,2.0,94.1671059191856,2025-01-24,2025,1,Jan,4,5,Friday
2025-01-05,25,3,7b,1.0,0,92.14320455564486,False,False,False,1.0,92.14320455564486,2025-01-05,2025,1,Jan,1,7,Sunday
2025-02-21,56,7,6a,,1,113.93381635309277,True,False,False,3.0,113.93381635309277,2025-02-21,2025,2,Feb,8,5,Friday
2025-02-03,33,19,5c,1.0,1,95.43746325540032,False,False,False,1.0,95.43746325540032,2025-02-03,2025,2,Feb,6,1,Monday
2025-01-06,38,8,6a,1.0,1,113.162216960486,False,False,False,1.0,113.162216960486,2025-01-06,2025,1,Jan,2,1,Monday
2025-01-22,6,10,5c,4.0,1,71.23645249144589,False,False,False,4.0,71.23645249144589,2025-01-22,2025,1,Jan,4,3,Wednesday
2025-01-11,58,20,7b,2.0,0,92.83722110415,False,False,False,2.0,92.83722110415,2025-01-11,2025,1,Jan,2,6,Saturday
2025-02-17,44,15,5a,3.0,0,67.70504585350221,False,False,False,3.0,67.70504585350221,2025-02-17,2025,2,Feb,8,1,Monday
2025-01-16,45,15,7a,,0,91.95351711120558,True,False,False,3.0,91.95351711120558,2025-01-16,2025,1,Jan,3,4,Thursday
2025-02-02,32,29,7b,5.0,1,87.71424088796229,False,False,False,5.0,87.71424088796229,2025-02-02,2025,2,Feb,5,7,Sunday
2025-01-09,45,1,6a,1.0,0,86.85405149598193,False,False,False,1.0,86.85405149598193,2025-01-09,2025,1,Jan,2,4,Thursday
2025-03-01,61,20,6b,4.0,0,,False,True,False,4.0,88.3148110633099,2025-03-01,2025,3,Mar,9,6,Saturday
2025-02-28,47,30,6b,4.0,1,104.72778940369194,False,False,False,4.0,104.72778940369194,2025-02-28,2025,2,Feb,9,5,Friday
2025-01-06,21,7,6c,5.0,0,57.85280685994841,False,False,False,5.0,57.85280685994841,2025-01-06,2025,1,Jan,2,1,Monday
2025-01-16,80,27,5c,3.0,0,72.00424274431654,False,False,False,3.0,72.00424274431654,2025-01-16,2025,1,Jan,3,4,Thursday
2025-01-29,85,4,6a,2.0,0,89.1885634650965,False,False,False,2.0,89.1885634650965,2025-01-29,2025,1,Jan,5,3,Wednesday
2025-01-03,75,29,6c,3.0,1,66.426738210575,False,False,False,3.0,66.426738210575,2025-01-03,2025,1,Jan,1,5,Friday
2025-01-20,36,6,6a,2.0,1,90.92228212402088,False,False,False,2.0,90.92228212402088,2025-01-20,2025,1,Jan,4,1,Monday
2025-03-01,99,25,5c,5.0,1,88.98294957517851,False,False,False,5.0,88.98294957517851,2025-03-01,2025,3,Mar,9,6,Saturday
2025-02-28,19,1,7b,2.0,0,61.92486709894834,False,False,False,2.0,61.92486709894834,2025-02-28,2025,2,Feb,9,5,Friday
2025-02-05,20,29,7b,4.0,1,60.93669707491445,False,False,False,4.0,60.93669707491445,2025-02-05,2025,2,Feb,6,3,Wednesday
2025-01-19,57,5,6b,1.0,1,37.52423528901468,False,False,True,1.0,37.52423528901468,2025-01-19,2025,1,Jan,3,7,Sunday
2025-01-26,18,27,7b,1.0,0,65.58659900636174,False,False,False,1.0,65.58659900636174,2025-01-26,2025,1,Jan,4,7,Sunday
2025-01-03,47,23,7b,5.0,1,90.286465164212,False,False,False,5.0,90.286465164212,2025-01-03,2025,1,Jan,1,5,Friday
2025-01-19,49,1,5a,4.0,0,93.12375645881755,False,False,False,4.0,93.12375645881755,2025-01-19,2025,1,Jan,3,7,Sunday
2025-01-20,14,30,6b,3.0,1,94.037991192569,False,False,False,3.0,94.037991192569,2025-01-20,2025,1,Jan,4,1,Monday
2025-02-01,15,4,6c,4.0,1,74.44162374665238,False,False,False,4.0,74.44162374665238,2025-02-01,2025,2,Feb,5,6,Saturday
2025-01-07,31,22,7a,1.0,0,89.63393031957021,False,False,False,1.0,89.63393031957021,2025-01-07,2025,1,Jan,2,2,Tuesday
2025-02-21,1,2,5a,1.0,1,97.94489218482906,False,False,False,1.0,97.94489218482906,2025-02-21,2025,2,Feb,8,5,Friday
2025-02-10,54,10,6c,4.0,1,64.63928900997693,False,False,False,4.0,64.63928900997693,2025-02-10,2025,2,Feb,7,1,Monday
2025-02-02,3,5,5c,4.0,1,92.4665814878108,False,False,False,4.0,92.4665814878108,2025-02-02,2025,2,Feb,5,7,Sunday
2025-02-09,16,27,5a,1.0,0,103.12962423670184,False,False,False,1.0,103.12962423670184,2025-02-09,2025,2,Feb,6,7,Sunday
2025-02-08,87,10,6c,3.0,0,80.18455740354239,False,False,False,3.0,80.18455740354239,2025-02-08,2025,2,Feb,6,6,Saturday
2025-01-18,57,1,5c,5.0,0,111.24468660699206,False,False,False,5.0,111.24468660699206,2025-01-18,2025,1,Jan,3,6,Saturday
2025-02-09,75,22,6b,5.0,1,80.6513131235006,False,False,False,5.0,80.6513131235006,2025-02-09,2025,2,Feb,6,7,Sunday
2025-01-01,12,6,7a,4.0,0,72.7987828975385,False,False,False,4.0,72.7987828975385,2025-01-01,2025,1,Jan,1,3,Wednesday
2025-01-11,74,13,5c,5.0,1,101.1368235710584,False,False,False,5.0,101.1368235710584,2025-01-11,2025,1,Jan,2,6,Saturday
2025-01-28,96,15,7b,1.0,1,130.66587538932913,False,False,False,1.0,130.66587538932913,2025-01-28,2025,1,Jan,5,2,Tuesday
2025-02-26,16,4,6a,1.0,0,91.70707237775618,False,False,False,1.0,91.70707237775618,2025-02-26,2025,2,Feb,9,3,Wednesday
2025-01-25,72,13,5c,4.0,1,102.6981560822744,False,False,False,4.0,102.6981560822744,2025-01-25,2025,1,Jan,4,6,Saturday
2025-02-19,76,24,5c,4.0,0,79.82565557804313,False,False,False,4.0,79.82565557804313,2025-02-19,2025,2,Feb,8,3,Wednesday
2025-01-23,24,20,7a,4.0,1,65.16767560407945,False,False,False,4.0,65.16767560407945,2025-01-23,2025,1,Jan,4,4,Thursday
2025-01-31,28,24,6a,3.0,1,93.32531291801467,False,False,False,3.0,93.32531291801467,2025-01-31,2025,1,Jan,5,5,Friday
2025-01-30,8,15,7b,5.0,0,96.48799943575824,False,False,False,5.0,96.48799943575824,2025-01-30,2025,1,Jan,5,4,Thursday
2025-02-11,92,29,6c,4.0,0,82.84177819237675,False,False,False,4.0,82.84177819237675,2025-02-11,2025,2,Feb,7,2,Tuesday
2025-02-04,36,8,6c,2.0,1,102.62113036043012,False,False,False,2.0,102.62113036043012,2025-02-04,2025,2,Feb,6,2,Tuesday
2025-01-07,90,5,5c,2.0,1,76.9183998037136,False,False,False,2.0,76.9183998037136,2025-01-07,2025,1,Jan,2,2,Tuesday
2025-03-01,8,29,6a,1.0,1,,False,True,False,1.0,90.90373492271374,2025-03-01,2025,3,Mar,9,6,Saturday
2025-01-16,58,15,6a,5.0,1,111.2128586097233,False,False,False,5.0,111.2128586097233,2025-01-16,2025,1,Jan,3,4,Thursday
2025-01-26,60,4,7b,4.0,0,111.3069525308326,False,False,False,4.0,111.3069525308326,2025-01-26,2025,1,Jan,4,7,Sunday
2025-02-17,50,12,7a,2.0,0,77.31313788328643,False,False,False,2.0,77.31313788328643,2025-02-17,2025,2,Feb,8,1,Monday
2025-02-26,28,13,6b,5.0,0,124.37700980809645,False,False,False,5.0,124.37700980809645,2025-02-26,2025,2,Feb,9,3,Wednesday
2025-02-21,92,2,6c,1.0,1,84.25786614939501,False,False,False,1.0,84.25786614939501,2025-02-21,2025,2,Feb,8,5,Friday
2025-03-01,41,27,7a,3.0,1,91.69565729287918,False,False,False,3.0,91.69565729287918,2025-03-01,2025,3,Mar,9,6,Saturday
2025-02-18,100,19,5a,5.0,1,88.30694916303145,False,False,False,5.0,88.30694916303145,2025-02-18,2025,2,Feb,8,2,Tuesday
2025-01-02,64,19,6c,5.0,0,100.4752043489136,False,False,False,5.0,100.4752043489136,2025-01-02,2025,1,Jan,1,4,Thursday
2025-01-01,27,4,7a,3.0,1,95.42842987601884,False,False,False,3.0,95.42842987601884,2025-01-01,2025,1,Jan,1,3,Wednesday
2025-02-17,63,4,6c,5.0,1,95.15924323163316,False,False,False,5.0,95.15924323163316,2025-02-17,2025,2,Feb,8,1,Monday
2025-01-12,17,26,6b,1.0,1,69.60876736560228,False,False,False,1.0,69.60876736560228,2025-01-12,2025,1,Jan,2,7,Sunday
2025-01-05,73,11,5a,1.0,1,56.22875366420631,False,False,False,1.0,56.22875366420631,2025-01-05,2025,1,Jan,1,7,Sunday
2025-02-06,33,27,6b,3.0,0,112.84320056505724,False,False,False,3.0,112.84320056505724,2025-02-06,2025,2,Feb,6,4,Thursday
2025-02-01,84,5,7b,4.0,0,79.09108002120513,False,False,False,4.0,79.09108002120513,2025-02-01,2025,2,Feb,5,6,Saturday
2025-02-28,77,20,5a,2.0,1,89.01933253133043,False,False,False,2.0,89.01933253133043,2025-02-28,2025,2,Feb,9,5,Friday
2025-02-24,92,11,5c,4.0,1,96.5359781977956,False,False,False,4.0,96.5359781977956,2025-02-24,2025,2,Feb,9,1,Monday
2025-01-09,29,30,7a,5.0,0,122.58019206698536,False,False,False,5.0,122.58019206698536,2025-01-09,2025,1,Jan,2,4,Thursday
2025-02-10,13,10,5a,2.0,1,93.22715849285017,False,False,False,2.0,93.22715849285017,2025-02-10,2025,2,Feb,7,1,Monday
2025-02-04,46,8,7b,,1,82.10404874151806,True,False,False,3.0,82.10404874151806,2025-02-04,2025,2,Feb,6,2,Tuesday
2025-01-19,35,6,7b,3.0,1,79.52911237426285,False,False,False,3.0,79.52911237426285,2025-01-19,2025,1,Jan,3,7,Sunday
2025-02-17,6,6,6b,2.0,1,89.25286317516122,False,False,False,2.0,89.25286317516122,2025-02-17,2025,2,Feb,8,1,Monday
2025-01-16,82,8,6c,1.0,0,71.81270460718774,False,False,False,1.0,71.81270460718774,2025-01-16,2025,1,Jan,3,4,Thursday
2025-01-03,69,23,5a,2.0,1,90.5775144629802,False,False,False,2.0,90.5775144629802,2025-01-03,2025,1,Jan,1,5,Friday
2025-01-20,47,15,7a,,1,88.95960623083973,True,False,False,3.0,88.95960623083973,2025-01-20,2025,1,Jan,4,1,Monday
2025-01-24,25,26,5a,1.0,1,122.83053897288303,False,False,False,1.0,122.83053897288303,2025-01-24,2025,1,Jan,4,5,Friday
2025-02-23,66,14,6a,3.0,1,88.32797722818158,False,False,False,3.0,88.32797722818158,2025-02-23,2025,2,Feb,8,7,Sunday
2025-02-25,10,11,6c,2.0,1,,False,True,False,2.0,92.99554548415252,2025-02-25,2025,2,Feb,9,2,Tuesday
2025-02-02,56,12,7a,4.0,0,143.47021940792956,False,False,True,4.0,143.47021940792956,2025-02-02,2025,2,Feb,5,7,Sunday
2025-01-24,30,26,7a,4.0,1,109.13667462312192,False,False,False,4.0,109.13667462312192,2025-01-24,2025,1,Jan,4,5,Friday
2025-02-21,5,13,5c,5.0,1,131.6469748819117,False,False,False,5.0,131.6469748819117,2025-02-21,2025,2,Feb,8,5,Friday
2025-01-11,33,8,6b,4.0,1,66.85360026031032,False,False,False,4.0,66.85360026031032,2025-01-11,2025,1,Jan,2,6,Saturday
2025-02-18,65,30,5c,2.0,1,85.56346437487416,False,False,False,2.0,85.56346437487416,2025-02-18,2025,2,Feb,8,2,Tuesday
2025-01-08,18,18,7a,2.0,1,103.48802482988638,False,False,False,2.0,103.48802482988638,2025-01-08,2025,1,Jan,2,3,Wednesday
2025-02-05,96,25,6c,4.0,1,100.7278274456892,False,False,False,4.0,100.7278274456892,2025-02-05,2025,2,Feb,6,3,Wednesday
2025-02-07,49,1,5a,2.0,1,96.13875414719104,False,False,False,2.0,96.13875414719104,2025-02-07,2025,2,Feb,6,5,Friday
2025-02-09,11,15,5a,5.0,0,46.00778562998892,False,False,False,5.0,46.00778562998892,2025-02-09,2025,2,Feb,6,7,Sunday
2025-01-20,85,8,6c,1.0,0,55.751210848713725,False,False,False,1.0,55.751210848713725,2025-01-20,2025,1,Jan,4,1,Monday
2025-02-04,26,28,7a,5.0,1,120.35040218127745,False,False,False,5.0,120.35040218127745,2025-02-04,2025,2,Feb,6,2,Tuesday
2025-02-17,63,11,7b,5.0,1,123.9065906573938,False,False,False,5.0,123.9065906573938,2025-02-17,2025,2,Feb,8,1,Monday
2025-01-25,89,12,5a,2.0,0,87.86697417127209,False,False,False,2.0,87.86697417127209,2025-01-25,2025,1,Jan,4,6,Saturday
2025-02-04,86,12,7b,1.0,0,117.80854948812764,False,False,False,1.0,117.80854948812764,2025-02-04,2025,2,Feb,6,2,Tuesday
2025-01-25,59,4,5a,2.0,1,69.53544467713404,False,False,False,2.0,69.53544467713404,2025-01-25,2025,1,Jan,4,6,Saturday
2025-01-29,27,16,5a,3.0,0,74.11147893062639,False,False,False,3.0,74.11147893062639,2025-01-29,2025,1,Jan,5,3,Wednesday
2025-01-18,49,4,6b,2.0,0,67.95439356273701,False,False,False,2.0,67.95439356273701,2025-01-18,2025,1,Jan,3,6,Saturday
2025-02-15,77,5,6b,,0,73.00160908622708,True,False,False,2.0,73.00160908622708,2025-02-15,2025,2,Feb,7,6,Saturday
2025-01-18,33,24,6a,2.0,0,104.45392019045238,False,False,False,2.0,104.45392019045238,2025-01-18,2025,1,Jan,3,6,Saturday
2025-01-02,98,5,5c,1.0,0,72.75295253873111,False,False,False,1.0,72.75295253873111,2025-01-02,2025,1,Jan,1,4,Thursday
2025-02-23,99,8,6c,2.0,0,134.7948607985573,False,False,False,2.0,134.7948607985573,2025-02-23,2025,2,Feb,8,7,Sunday
2025-02-04,1,10,6c,1.0,1,99.20141212694875,False,False,False,1.0,99.20141212694875,2025-02-04,2025,2,Feb,6,2,Tuesday
2025-01-16,21,17,6c,4.0,1,111.69054092990176,False,False,False,4.0,111.69054092990176,2025-01-16,2025,1,Jan,3,4,Thursday
2025-02-10,55,28,6a,3.0,1,99.79881165600146,False,False,False,3.0,99.79881165600146,2025-02-10,2025,2,Feb,7,1,Monday
2025-02-05,6,26,6b,1.0,1,114.28539300918558,False,False,False,1.0,114.28539300918558,2025-02-05,2025,2,Feb,6,3,Wednesday
2025-02-02,92,9,7a,4.0,0,72.64000000922906,False,False,False,4.0,72.64000000922906,2025-02-02,2025,2,Feb,5,7,Sunday
2025-01-04,81,22,7b,1.0,0,118.93867076399114,False,False,False,1.0,118.93867076399114,2025-01-04,2025,1,Jan,1,6,Saturday
2025-02-02,69,19,7b,1.0,1,92.81877771182874,False,False,False,1.0,92.81877771182874,2025-02-02,2025,2,Feb,5,7,Sunday
2025-01-14,95,29,7a,3.0,0,114.18532221937478,False,False,False,3.0,114.18532221937478,2025-01-14,2025,1,Jan,3,2,Tuesday
2025-01-21,5,14,6a,5.0,1,61.20871893247632,False,False,False,5.0,61.20871893247632,2025-01-21,2025,1,Jan,4,2,Tuesday
2025-02-17,3,8,7a,5.0,1,93.61166413216726,False,False,False,5.0,93.61166413216726,2025-02-17,2025,2,Feb,8,1,Monday
2025-01-20,53,9,6c,1.0,1,92.9047743356333,False,False,False,1.0,92.9047743356333,2025-01-20,2025,1,Jan,4,1,Monday
2025-02-25,23,22,5c,,0,77.61527070041117,True,False,False,3.0,77.61527070041117,2025-02-25,2025,2,Feb,9,2,Tuesday
2025-01-08,53,11,5a,4.0,0,96.26237659494528,False,False,False,4.0,96.26237659494528,2025-01-08,2025,1,Jan,2,3,Wednesday
2025-01-07,37,23,7b,2.0,1,120.79213696003028,False,False,False,2.0,120.79213696003028,2025-01-07,2025,1,Jan,2,2,Tuesday
2025-01-03,74,1,6b,2.0,0,76.07695282073757,False,False,False,2.0,76.07695282073757,2025-01-03,2025,1,Jan,1,5,Friday
2025-01-17,74,14,6b,1.0,1,,False,True,False,1.0,88.3148110633099,2025-01-17,2025,1,Jan,3,5,Friday
2025-02-02,83,5,6a,,1,67.45153887706984,True,False,False,3.0,67.45153887706984,2025-02-02,2025,2,Feb,5,7,Sunday
2025-02-17,17,21,6b,1.0,1,132.1888918928492,False,False,False,1.0,132.1888918928492,2025-02-17,2025,2,Feb,8,1,Monday
2025-01-12,85,26,6c,1.0,0,105.69200636873416,False,False,False,1.0,105.69200636873416,2025-01-12,2025,1,Jan,2,7,Sunday
2025-02-28,78,14,7b,5.0,1,124.50234664517144,False,False,False,5.0,124.50234664517144,2025-02-28,2025,2,Feb,9,5,Friday
2025-02-20,73,4,7a,1.0,1,103.44121038187536,False,False,False,1.0,103.44121038187536,2025-02-20,2025,2,Feb,8,4,Thursday
2025-01-22,1,22,6c,5.0,0,97.81226355458725,False,False,False,5.0,97.81226355458725,2025-01-22,2025,1,Jan,4,3,Wednesday
2025-02-24,51,23,6a,5.0,0,,False,True,False,5.0,90.90373492271374,2025-02-24,2025,2,Feb,9,1,Monday
2025-01-22,45,25,6c,1.0,1,87.27105073291656,False,False,False,1.0,87.27105073291656,2025-01-22,2025,1,Jan,4,3,Wednesday
2025-02-15,77,1,7a,3.0,0,57.64332188883356,False,False,False,3.0,57.64332188883356,2025-02-15,2025,2,Feb,7,6,Saturday
2025-01-30,4,22,5c,4.0,0,98.94798692933584,False,False,False,4.0,98.94798692933584,2025-01-30,2025,1,Jan,5,4,Thursday
2025-02-07,62,23,6a,2.0,0,74.88993330800491,False,False,False,2.0,74.88993330800491,2025-02-07,2025,2,Feb,6,5,Friday
2025-02-07,65,19,5c,5.0,1,67.96676169241195,False,False,False,5.0,67.96676169241195,2025-02-07,2025,2,Feb,6,5,Friday
2025-02-14,32,8,5a,4.0,1,102.7258633687722,False,False,False,4.0,102.7258633687722,2025-02-14,2025,2,Feb,7,5,Friday
2025-02-20,34,15,5c,3.0,1,84.41783050200613,False,False,False,3.0,84.41783050200613,2025-02-20,2025,2,Feb,8,4,Thursday
2025-02-23,92,21,5a,2.0,0,110.5540881321138,False,False,False,2.0,110.5540881321138,2025-02-23,2025,2,Feb,8,7,Sunday
2025-01-08,95,15,5a,2.0,0,74.22118462481859,False,False,False,2.0,74.22118462481859,2025-01-08,2025,1,Jan,2,3,Wednesday
2025-01-27,72,9,5c,5.0,1,80.58342046972348,False,False,False,5.0,80.58342046972348,2025-01-27,2025,1,Jan,5,1,Monday
2025-01-27,39,21,6a,1.0,1,113.00592052602786,False,False,False,1.0,113.00592052602786,2025-01-27,2025,1,Jan,5,1,Monday
2025-02-03,26,9,7a,3.0,0,95.59685321995217,False,False,False,3.0,95.59685321995217,2025-02-03,2025,2,Feb,6,1,Monday
2025-01-21,34,10,6c,5.0,1,60.4534391818772,False,False,False,5.0,60.4534391818772,2025-01-21,2025,1,Jan,4,2,Tuesday
2025-01-30,54,20,6c,3.0,1,95.1552176572022,False,False,False,3.0,95.1552176572022,2025-01-30,2025,1,Jan,5,4,Thursday
2025-02-02,3,25,7a,1.0,1,119.62477097177609,False,False,False,1.0,119.62477097177609,2025-02-02,2025,2,Feb,5,7,Sunday
2025-01-28,50,21,7b,1.0,1,80.42845110757065,False,False,False,1.0,80.42845110757065,2025-01-28,2025,1,Jan,5,2,Tuesday
2025-02-16,12,26,7b,5.0,1,101.96115392905818,False,False,False,5.0,101.96115392905818,2025-02-16,2025,2,Feb,7,7,Sunday
2025-02-02,65,9,5a,1.0,0,73.0122616968819,False,False,False,1.0,73.0122616968819,2025-02-02,2025,2,Feb,5,7,Sunday
2025-01-05,54,3,5a,4.0,1,87.26433450061143,False,False,False,4.0,87.26433450061143,2025-01-05,2025,1,Jan,1,7,Sunday
2025-03-01,5,20,6a,2.0,1,111.79671072900868,False,False,False,2.0,111.79671072900868,2025-03-01,2025,3,Mar,9,6,Saturday
2025-02-17,94,25,6b,5.0,0,94.38463335509948,False,False,False,5.0,94.38463335509948,2025-02-17,2025,2,Feb,8,1,Monday
2025-01-19,94,26,5c,3.0,1,115.78539725431273,False,False,False,3.0,115.78539725431273,2025-01-19,2025,1,Jan,3,7,Sunday
2025-01-04,57,11,5a,4.0,1,98.50604808455724,False,False,False,4.0,98.50604808455724,2025-01-04,2025,1,Jan,1,6,Saturday
2025-02-04,17,6,6c,5.0,1,134.37479354401682,False,False,False,5.0,134.37479354401682,2025-02-04,2025,2,Feb,6,2,Tuesday
2025-02-18,47,2,6a,1.0,1,58.70173261561462,False,False,False,1.0,58.70173261561462,2025-02-18,2025,2,Feb,8,2,Tuesday
2025-01-17,23,7,5c,1.0,1,85.6561329987807,False,False,False,1.0,85.6561329987807,2025-01-17,2025,1,Jan,3,5,Friday
2025-02-13,79,18,6a,1.0,1,68.30932413415897,False,False,False,1.0,68.30932413415897,2025-02-13,2025,2,Feb,7,4,Thursday
2025-01-28,85,27,5c,1.0,0,69.67501651083501,False,False,False,1.0,69.67501651083501,2025-01-28,2025,1,Jan,5,2,Tuesday
2025-01-30,14,2,5c,3.0,1,69.8563261238792,False,False,False,3.0,69.8563261238792,2025-01-30,2025,1,Jan,5,4,Thursday
2025-01-29,66,27,7a,4.0,0,93.3545164410244,False,False,False,4.0,93.3545164410244,2025-01-29,2025,1,Jan,5,3,Wednesday
2025-02-15,75,17,5a,2.0,0,94.52601869643736,False,False,False,2.0,94.52601869643736,2025-02-15,2025,2,Feb,7,6,Saturday
2025-02-22,51,11,6a,3.0,1,98.54911849990232,False,False,False,3.0,98.54911849990232,2025-02-22,2025,2,Feb,8,6,Saturday
2025-01-06,38,27,6a,3.0,1,67.53878879710896,False,False,False,3.0,67.53878879710896,2025-01-06,2025,1,Jan,2,1,Monday
2025-02-04,64,12,7a,2.0,1,83.5155036200342,False,False,False,2.0,83.5155036200342,2025-02-04,2025,2,Feb,6,2,Tuesday
2025-03-01,98,27,6c,2.0,1,70.71410720487263,False,False,False,2.0,70.71410720487263,2025-03-01,2025,3,Mar,9,6,Saturday
2025-02-10,38,19,6c,1.0,1,,False,True,False,1.0,92.99554548415252,2025-02-10,2025,2,Feb,7,1,Monday
2025-02-06,50,22,7b,3.0,1,72.59464899638053,False,False,False,3.0,72.59464899638053,2025-02-06,2025,2,Feb,6,4,Thursday
2025-01-24,98,24,5a,5.0,0,,False,True,False,5.0,90.94441122046725,2025-01-24,2025,1,Jan,4,5,Friday
2025-01-29,82,25,5a,,1,101.20612882646212,True,False,False,3.0,101.20612882646212,2025-01-29,2025,1,Jan,5,3,Wednesday
2025-02-18,30,7,6b,2.0,1,77.68742651004871,False,False,False,2.0,77.68742651004871,2025-02-18,2025,2,Feb,8,2,Tuesday
2025-02-15,79,20,7a,4.0,1,103.87756889961308,False,False,False,4.0,103.87756889961308,2025-02-15,2025,2,Feb,7,6,Saturday
2025-02-22,91,6,6c,5.0,0,121.92159471066296,False,False,False,5.0,121.92159471066296,2025-02-22,2025,2,Feb,8,6,Saturday
2025-01-31,51,21,5c,5.0,0,93.79423457451053,False,False,False,5.0,93.79423457451053,2025-01-31,2025,1,Jan,5,5,Friday
2025-02-04,63,24,6a,2.0,0,108.03221829136814,False,False,False,2.0,108.03221829136814,2025-02-04,2025,2,Feb,6,2,Tuesday
2025-03-01,98,1,5a,1.0,0,48.531582221272345,False,False,False,1.0,48.531582221272345,2025-03-01,2025,3,Mar,9,6,Saturday
2025-02-02,52,17,6a,4.0,0,81.41896146304299,False,False,False,4.0,81.41896146304299,2025-02-02,2025,2,Feb,5,7,Sunday
2025-02-21,38,29,6a,5.0,1,93.69801633857954,False,False,False,5.0,93.69801633857954,2025-02-21,2025,2,Feb,8,5,Friday
2025-01-21,97,11,6b,2.0,1,68.94069843199387,False,False,False,2.0,68.94069843199387,2025-01-21,2025,1,Jan,4,2,Tuesday
2025-02-01,88,22,6c,5.0,0,94.15298670808184,False,False,False,5.0,94.15298670808184,2025-02-01,2025,2,Feb,5,6,Saturday
2025-01-23,79,26,5a,4.0,0,111.198811121183,False,False,False,4.0,111.198811121183,2025-01-23,2025,1,Jan,4,4,Thursday
2025-02-02,30,28,6a,4.0,0,52.40878743979956,False,False,False,4.0,52.40878743979956,2025-02-02,2025,2,Feb,5,7,Sunday
2025-01-03,51,18,5a,3.0,0,66.21854268392305,False,False,False,3.0,66.21854268392305,2025-01-03,2025,1,Jan,1,5,Friday
2025-01-18,81,21,5c,2.0,0,93.6962654152837,False,False,False,2.0,93.6962654152837,2025-01-18,2025,1,Jan,3,6,Saturday
2025-01-25,5,17,6b,4.0,0,99.20839458880096,False,False,False,4.0,99.20839458880096,2025-01-25,2025,1,Jan,4,6,Saturday
2025-02-11,29,7,5c,3.0,1,104.76160749819302,False,False,False,3.0,104.76160749819302,2025-02-11,2025,2,Feb,7,2,Tuesday
2025-01-31,4,17,5a,3.0,1,92.21778957775535,False,False,False,3.0,92.21778957775535,2025-01-31,2025,1,Jan,5,5,Friday
2025-02-23,10,20,7b,5.0,0,99.23024810031616,False,False,False,5.0,99.23024810031616,2025-02-23,2025,2,Feb,8,7,Sunday
2025-02-27,56,9,5a,5.0,1,108.06961417081362,False,False,False,5.0,108.06961417081362,2025-02-27,2025,2,Feb,9,4,Thursday
2025-01-03,17,17,6c,3.0,1,81.71083796459348,False,False,False,3.0,81.71083796459348,2025-01-03,2025,1,Jan,1,5,Friday
2025-02-09,74,20,6a,5.0,0,77.82827827987158,False,False,False,5.0,77.82827827987158,2025-02-09,2025,2,Feb,6,7,Sunday
2025-02-15,17,22,6a,,0,86.62986738130263,True,False,False,3.0,86.62986738130263,2025-02-15,2025,2,Feb,7,6,Saturday
2025-01-24,84,22,5c,1.0,1,93.98975884554828,False,False,False,1.0,93.98975884554828,2025-01-24,2025,1,Jan,4,5,Friday
2025-02-19,88,28,6b,4.0,0,76.83453113597363,False,False,False,4.0,76.83453113597363,2025-02-19,2025,2,Feb,8,3,Wednesday
2025-02-01,69,29,7b,3.0,1,82.12485367053576,False,False,False,3.0,82.12485367053576,2025-02-01,2025,2,Feb,5,6,Saturday
2025-02-16,34,8,7a,3.0,1,97.95403541014592,False,False,False,3.0,97.95403541014592,2025-02-16,2025,2,Feb,7,7,Sunday
2025-01-22,6,17,6a,4.0,0,,False,True,False,4.0,90.90373492271374,2025-01-22,2025,1,Jan,4,3,Wednesday
2025-01-23,53,7,6c,5.0,0,86.29325754368483,False,False,False,5.0,86.29325754368483,2025-01-23,2025,1,Jan,4,4,Thursday
2025-01-02,66,1,5c,5.0,1,55.178613798747016,False,False,False,5.0,55.178613798747016,2025-01-02,2025,1,Jan,1,4,Thursday
2025-01-27,77,13,5c,3.0,0,89.9298401598292,False,False,False,3.0,89.9298401598292,2025-01-27,2025,1,Jan,5,1,Monday
2025-02-11,43,30,7a,2.0,0,70.59992064981914,False,False,False,2.0,70.59992064981914,2025-02-11,2025,2,Feb,7,2,Tuesday
2025-01-02,75,23,6c,5.0,1,109.661654104118,False,False,False,5.0,109.661654104118,2025-01-02,2025,1,Jan,1,4,Thursday
2025-01-26,23,19,6b,4.0,1,83.82557693442985,False,False,False,4.0,83.82557693442985,2025-01-26,2025,1,Jan,4,7,Sunday
2025-01-17,55,27,6c,5.0,0,70.0753588755496,False,False,False,5.0,70.0753588755496,2025-01-17,2025,1,Jan,3,5,Friday
2025-02-09,80,24,6b,,1,88.76913452239903,True,False,False,2.0,88.76913452239903,2025-02-09,2025,2,Feb,6,7,Sunday
2025-02-02,95,19,6c,3.0,0,115.41399170184384,False,False,False,3.0,115.41399170184384,2025-02-02,2025,2,Feb,5,7,Sunday
2025-01-09,75,30,6c,5.0,1,102.6163169828924,False,False,False,5.0,102.6163169828924,2025-01-09,2025,1,Jan,2,4,Thursday
2025-02-12,16,30,5a,4.0,1,94.39834301211869,False,False,False,4.0,94.39834301211869,2025-02-12,2025,2,Feb,7,3,Wednesday
2025-02-23,8,29,5c,3.0,1,63.47809881906287,False,False,False,3.0,63.47809881906287,2025-02-23,2025,2,Feb,8,7,Sunday
2025-02-17,4,17,6c,2.0,1,122.43200199532644,False,False,False,2.0,122.43200199532644,2025-02-17,2025,2,Feb,8,1,Monday
2025-02-08,4,13,7a,4.0,1,77.56745651928193,False,False,False,4.0,77.56745651928193,2025-02-08,2025,2,Feb,6,6,Saturday
2025-01-29,56,29,6c,2.0,0,108.67567825744686,False,False,False,2.0,108.67567825744686,2025-01-29,2025,1,Jan,5,3,Wednesday
2025-02-11,25,30,6a,2.0,1,83.4927424329717,False,False,False,2.0,83.4927424329717,2025-02-11,2025,2,Feb,7,2,Tuesday
2025-02-24,67,16,5c,1.0,0,106.75015744966478,False,False,False,1.0,106.75015744966478,2025-02-24,2025,2,Feb,9,1,Monday
2025-01-26,96,8,6a,5.0,0,,False,True,False,5.0,90.90373492271374,2025-01-26,2025,1,Jan,4,7,Sunday
2025-02-04,67,19,5c,4.0,0,102.96274539815067,False,False,False,4.0,102.96274539815067,2025-02-04,2025,2,Feb,6,2,Tuesday
2025-02-19,27,18,6a,2.0,1,105.1170991951988,False,False,False,2.0,105.1170991951988,2025-02-19,2025,2,Feb,8,3,Wednesday
2025-01-25,93,1,6c,1.0,1,88.03122027688735,False,False,False,1.0,88.03122027688735,2025-01-25,2025,1,Jan,4,6,Saturday
2025-01-24,32,14,6c,3.0,0,,False,True,False,3.0,92.99554548415252,2025-01-24,2025,1,Jan,4,5,Friday
2025-01-13,50,19,5a,4.0,0,92.7659737957162,False,False,False,4.0,92.7659737957162,2025-01-13,2025,1,Jan,3,1,Monday
2025-03-01,61,15,7a,2.0,1,83.20170988461567,False,False,False,2.0,83.20170988461567,2025-03-01,2025,3,Mar,9,6,Saturday
